frame,time_sec,lane,vehicle_count,queue_length,density,avg_speed,count_change,category
0,0.0,traffic12,6,0,6.0864,0.0,6,MEDIUM
5,0.17,traffic12,9,0,7.7341,47.6,3,MEDIUM
10,0.33,traffic12,10,0,8.5146,27.33,1,MEDIUM
15,0.5,traffic12,8,0,7.0524,17.16,2,MEDIUM
20,0.67,traffic12,8,0,7.5848,25.27,0,MEDIUM
25,0.83,traffic12,7,0,7.0281,24.85,1,MEDIUM
30,1.0,traffic12,5,0,5.3986,17.95,2,LOW
35,1.17,traffic12,7,0,5.5969,12.6,2,MEDIUM
40,1.33,traffic12,4,0,4.6919,18.8,3,LOW
45,1.5,traffic12,5,0,3.5292,10.44,1,LOW
50,1.67,traffic12,6,0,3.3198,14.1,1,MEDIUM
55,1.83,traffic12,8,0,4.3825,11.69,2,MEDIUM
60,2.0,traffic12,6,0,4.1022,14.78,2,MEDIUM
65,2.17,traffic12,7,2,4.6652,16.89,1,MEDIUM
70,2.33,traffic12,6,0,2.5036,15.73,1,MEDIUM
75,2.5,traffic12,6,0,4.7152,14.06,0,MEDIUM
80,2.67,traffic12,8,0,3.9067,20.44,2,MEDIUM
85,2.83,traffic12,11,0,6.5103,15.91,3,MEDIUM
90,3.0,traffic12,10,0,5.6802,19.5,1,MEDIUM
95,3.17,traffic12,13,0,6.4582,29.0,3,MEDIUM
100,3.33,traffic12,10,0,5.9189,22.99,3,MEDIUM
105,3.5,traffic12,12,0,7.2898,28.76,2,MEDIUM
110,3.67,traffic12,10,0,5.463,23.27,2,MEDIUM
115,3.83,traffic12,9,0,4.8587,16.77,1,MEDIUM
120,4.0,traffic12,9,0,6.1846,14.98,0,MEDIUM
125,4.17,traffic12,11,4,5.8058,15.63,2,MEDIUM
130,4.33,traffic12,8,0,4.5392,13.35,3,MEDIUM
135,4.5,traffic12,6,0,2.901,13.0,2,MEDIUM
140,4.67,traffic12,6,0,5.1357,12.4,0,MEDIUM
145,4.83,traffic12,6,0,5.2427,29.71,0,MEDIUM
150,5.0,traffic12,9,0,6.0159,16.31,3,MEDIUM
155,5.17,traffic12,7,0,3.6807,12.23,2,MEDIUM
160,5.33,traffic12,7,0,3.8457,13.01,0,MEDIUM
165,5.5,traffic12,7,0,4.1822,13.17,0,MEDIUM
170,5.67,traffic12,8,0,4.3468,17.11,1,MEDIUM
175,5.83,traffic12,9,0,5.6669,13.95,1,MEDIUM
180,6.0,traffic12,7,0,4.1749,10.52,2,MEDIUM
185,6.17,traffic12,8,0,4.7283,12.07,1,MEDIUM
190,6.33,traffic12,8,0,4.4138,13.94,0,MEDIUM
195,6.5,traffic12,10,0,3.3477,8.41,2,MEDIUM
200,6.67,traffic12,8,0,3.2749,11.59,2,MEDIUM
205,6.83,traffic12,9,0,4.6199,12.14,1,MEDIUM
210,7.0,traffic12,9,0,4.748,14.98,0,MEDIUM
215,7.17,traffic12,10,0,5.0905,16.3,1,MEDIUM
220,7.33,traffic12,11,0,5.0867,14.29,1,MEDIUM
225,7.5,traffic12,8,0,3.4158,10.97,3,MEDIUM
230,7.67,traffic12,10,0,4.2959,16.48,2,MEDIUM
235,7.83,traffic12,7,0,3.4147,10.98,3,MEDIUM
240,8.0,traffic12,8,0,4.7552,14.35,1,MEDIUM
245,8.17,traffic12,8,0,4.8518,15.74,0,MEDIUM
250,8.33,traffic12,7,0,4.6381,14.0,1,MEDIUM
255,8.5,traffic12,7,0,4.8466,14.89,0,MEDIUM
260,8.67,traffic12,8,0,5.2969,19.23,1,MEDIUM
265,8.83,traffic12,9,0,5.6456,18.85,1,MEDIUM
270,9.0,traffic12,8,0,5.6196,20.08,1,MEDIUM
275,9.17,traffic12,7,0,5.5336,20.64,1,MEDIUM
280,9.33,traffic12,6,0,5.4502,19.73,1,MEDIUM
285,9.5,traffic12,7,0,3.8975,10.07,1,MEDIUM
290,9.67,traffic12,7,0,6.4392,25.71,0,MEDIUM
295,9.83,traffic12,7,0,3.9619,26.0,0,MEDIUM
300,10.0,traffic12,8,0,4.4544,20.92,1,MEDIUM
305,10.17,traffic12,6,0,3.9994,13.55,2,MEDIUM
310,10.33,traffic12,7,0,4.7017,14.12,1,MEDIUM
315,10.5,traffic12,4,0,4.0653,17.06,3,LOW
320,10.67,traffic12,4,0,4.4,21.95,0,LOW
325,10.83,traffic12,4,0,4.5567,17.12,0,LOW
330,11.0,traffic12,3,0,4.8042,26.03,1,LOW
335,11.17,traffic12,3,0,5.0418,27.9,0,LOW
340,11.33,traffic12,6,0,5.9716,31.38,3,MEDIUM
345,11.5,traffic12,4,0,6.2254,51.71,2,LOW
350,11.67,traffic12,6,2,6.9966,22.45,2,MEDIUM
355,11.83,traffic12,4,0,7.128,34.01,2,LOW
360,12.0,traffic12,4,0,7.4758,26.9,0,LOW
365,12.17,traffic12,5,0,8.1746,45.89,1,LOW
370,12.33,traffic12,4,0,7.5232,20.09,1,LOW
375,12.5,traffic12,4,0,7.6469,20.2,0,LOW
380,12.67,traffic12,3,0,6.9838,16.58,1,LOW
385,12.83,traffic12,2,0,7.2289,18.49,1,LOW
390,13.0,traffic12,4,0,8.4006,18.66,2,LOW
395,13.17,traffic12,5,0,8.6477,19.23,1,LOW
400,13.33,traffic12,3,0,8.8909,32.31,2,LOW
405,13.5,traffic12,3,0,8.7865,17.77,0,LOW
410,13.67,traffic12,3,0,7.758,9.18,0,LOW
415,13.83,traffic12,3,0,8.3632,5.96,0,LOW
420,14.0,traffic12,4,0,7.9294,31.12,1,LOW
425,14.17,traffic12,4,0,8.0924,22.35,0,LOW
430,14.33,traffic12,6,0,8.1196,8.23,2,MEDIUM
435,14.5,traffic12,3,0,7.0987,25.29,3,LOW
440,14.67,traffic12,5,2,8.5079,46.37,2,LOW
445,14.83,traffic12,4,2,8.1881,12.42,1,LOW
450,15.0,traffic12,3,2,7.5937,20.06,1,LOW
455,15.17,traffic12,4,2,7.2457,24.11,1,LOW
460,15.33,traffic12,5,0,6.3364,17.04,1,LOW
465,15.5,traffic12,3,0,4.7569,20.79,2,LOW
470,15.67,traffic12,2,0,4.1507,27.88,1,LOW
475,15.83,traffic12,1,1,1.9812,20.52,1,LOW
480,16.0,traffic12,2,2,4.1492,29.66,1,LOW
485,16.17,traffic12,1,1,2.2405,35.79,1,LOW
490,16.33,traffic12,1,1,2.4133,32.49,0,LOW
495,16.5,traffic12,1,1,2.6002,33.91,0,LOW
500,16.66,traffic12,2,0,2.9416,46.89,1,LOW
505,16.83,traffic12,1,1,3.3201,50.1,1,LOW
510,17.0,traffic12,1,1,3.7696,54.39,0,LOW
515,17.16,traffic12,3,2,8.6338,57.67,2,LOW
520,17.33,traffic12,1,1,4.8034,73.61,2,LOW
525,17.5,traffic12,1,1,4.7952,32.42,0,LOW
530,17.66,traffic12,1,1,0.0801,0.0,0,LOW
535,17.83,traffic12,3,0,0.4072,2.16,2,LOW
540,18.0,traffic12,1,1,0.0822,0.0,2,LOW
545,18.16,traffic12,2,0,0.2541,0.0,1,LOW
550,18.33,traffic12,3,0,0.3476,10.25,1,LOW
555,18.5,traffic12,0,0,0.0,0.0,3,LOW
560,18.66,traffic12,1,1,0.073,0.0,1,LOW
565,18.83,traffic12,4,0,0.327,1.08,3,LOW
570,19.0,traffic12,3,0,0.2449,6.47,1,LOW
575,19.16,traffic12,3,0,0.2073,27.73,0,LOW
580,19.33,traffic12,3,2,0.3234,21.45,0,LOW
585,19.5,traffic12,3,2,0.3118,8.29,0,LOW
590,19.66,traffic12,1,1,0.1361,14.04,2,LOW
595,19.83,traffic12,2,0,0.2014,16.87,1,LOW
600,20.0,traffic12,1,1,0.0765,1.08,1,LOW
605,20.16,traffic12,2,0,0.1854,1.08,1,LOW
610,20.33,traffic12,1,1,0.078,1.08,1,LOW
615,20.5,traffic12,1,1,0.0796,0.0,0,LOW
620,20.66,traffic12,1,1,0.077,1.53,0,LOW
625,20.83,traffic12,2,0,0.1842,3.89,1,LOW
630,21.0,traffic12,3,0,0.3802,5.52,1,LOW
635,21.16,traffic12,1,1,0.0785,1.08,2,LOW
640,21.33,traffic12,1,1,0.076,0.0,0,LOW
645,21.5,traffic12,2,0,0.2168,0.0,1,LOW
650,21.66,traffic12,2,0,0.1915,0.0,0,LOW
655,21.83,traffic12,2,0,0.2726,1.08,0,LOW
660,22.0,traffic12,4,0,0.5162,36.66,2,LOW
665,22.16,traffic12,0,0,0.0,0.0,4,LOW
670,22.33,traffic12,0,0,0.0,0.0,0,LOW
675,22.5,traffic12,0,0,0.0,0.0,0,LOW
680,22.66,traffic12,0,0,0.0,0.0,0,LOW
685,22.83,traffic12,1,1,0.0742,0.0,1,LOW
690,23.0,traffic12,0,0,0.0,0.0,1,LOW
695,23.16,traffic12,0,0,0.0,0.0,0,LOW
700,23.33,traffic12,0,0,0.0,0.0,0,LOW
705,23.5,traffic12,0,0,0.0,0.0,0,LOW
710,23.66,traffic12,0,0,0.0,0.0,0,LOW
715,23.83,traffic12,0,0,0.0,0.0,0,LOW
720,24.0,traffic12,1,1,0.0645,0.0,1,LOW
725,24.16,traffic12,1,1,0.0668,1.53,0,LOW
730,24.33,traffic12,0,0,0.0,0.0,1,LOW
735,24.5,traffic12,0,0,0.0,0.0,0,LOW
740,24.66,traffic12,0,0,0.0,0.0,0,LOW
745,24.83,traffic12,0,0,0.0,0.0,0,LOW
750,25.0,traffic12,0,0,0.0,0.0,0,LOW
755,25.16,traffic12,0,0,0.0,0.0,0,LOW
760,25.33,traffic12,0,0,0.0,0.0,0,LOW
765,25.5,traffic12,0,0,0.0,0.0,0,LOW
770,25.66,traffic12,0,0,0.0,0.0,0,LOW
775,25.83,traffic12,0,0,0.0,0.0,0,LOW
780,26.0,traffic12,0,0,0.0,0.0,0,LOW
785,26.16,traffic12,0,0,0.0,0.0,0,LOW
790,26.33,traffic12,0,0,0.0,0.0,0,LOW
795,26.5,traffic12,1,1,0.112,0.0,1,LOW
800,26.66,traffic12,0,0,0.0,0.0,1,LOW
805,26.83,traffic12,1,1,0.9303,0.0,1,LOW
810,27.0,traffic12,2,0,1.071,87.21,1,LOW
815,27.16,traffic12,2,0,1.0785,47.57,0,LOW
820,27.33,traffic12,2,2,0.1431,36.56,0,LOW
825,27.5,traffic12,2,2,0.152,3.43,0,LOW
830,27.66,traffic12,1,1,0.0858,2.41,1,LOW
835,27.83,traffic12,1,1,0.0273,0.0,0,LOW
840,28.0,traffic12,2,0,0.0868,83.17,1,LOW
845,28.16,traffic12,2,0,0.1072,1.08,0,LOW
850,28.33,traffic12,2,0,0.1886,83.17,0,LOW
855,28.5,traffic12,1,1,0.0243,96.27,1,LOW
860,28.66,traffic12,1,1,0.1872,0.0,0,LOW
865,28.83,traffic12,0,0,0.0,0.0,1,LOW
870,29.0,traffic12,0,0,0.0,0.0,0,LOW
875,29.16,traffic12,1,1,0.246,0.0,1,LOW
880,29.33,traffic12,1,1,0.1992,8.71,0,LOW
885,29.5,traffic12,2,0,0.2892,3.89,1,LOW
890,29.66,traffic12,1,1,0.1993,2.41,1,LOW
895,29.83,traffic12,2,0,0.3219,7.64,1,LOW
900,30.0,traffic12,2,0,0.3204,6.32,0,LOW
905,30.16,traffic12,2,0,0.3875,1.53,0,LOW
910,30.33,traffic12,1,1,0.274,16.77,1,LOW
915,30.5,traffic12,2,0,0.4689,11.28,1,LOW
920,30.66,traffic12,2,0,0.5733,18.34,0,LOW
925,30.83,traffic12,2,0,0.4965,9.28,0,LOW
930,31.0,traffic12,2,0,0.52,9.99,0,LOW
935,31.16,traffic12,2,0,0.5993,15.02,0,LOW
940,31.33,traffic12,2,0,0.9908,19.15,0,LOW
945,31.5,traffic12,1,1,0.183,10.8,1,LOW
950,31.66,traffic12,1,1,0.1939,11.01,0,LOW
955,31.83,traffic12,2,0,0.2956,6.92,1,LOW
960,32.0,traffic12,2,0,1.0061,7.64,0,LOW
965,32.16,traffic12,3,0,1.1702,9.67,1,LOW
970,32.33,traffic12,1,1,0.212,8.23,2,LOW
975,32.5,traffic12,2,0,1.1191,5.51,1,LOW
980,32.66,traffic12,2,0,1.2284,11.67,0,LOW
985,32.83,traffic12,4,0,1.458,14.54,2,LOW
990,33.0,traffic12,3,0,1.4497,9.22,1,LOW
995,33.16,traffic12,2,0,1.4514,13.44,1,LOW
1000,33.33,traffic12,3,0,1.9406,8.23,1,LOW
1005,33.5,traffic12,4,0,3.4503,49.1,1,LOW
1010,33.66,traffic12,2,0,0.4644,14.47,2,LOW
1015,33.83,traffic12,2,0,2.6042,9.96,0,LOW
1020,34.0,traffic12,2,0,0.4908,8.71,0,LOW
1025,34.16,traffic12,3,0,3.1028,12.63,1,LOW
1030,34.33,traffic12,2,0,0.5952,14.17,1,LOW
1035,34.5,traffic12,4,0,3.1352,9.96,2,LOW
1040,34.66,traffic12,3,0,0.8732,14.42,1,LOW
1045,34.83,traffic12,3,0,0.891,12.85,0,LOW
1050,35.0,traffic12,2,0,0.6917,11.95,1,LOW
1055,35.16,traffic12,3,0,3.3375,18.58,1,LOW
1060,35.33,traffic12,2,0,0.8278,13.01,1,LOW
1065,35.5,traffic12,2,0,0.8055,8.31,0,LOW
1070,35.66,traffic12,1,1,0.2975,7.56,1,LOW
1075,35.83,traffic12,2,0,0.8516,7.56,1,LOW
1080,36.0,traffic12,3,0,1.2749,16.58,1,LOW
1085,36.16,traffic12,4,2,2.0683,17.38,1,LOW
1090,36.33,traffic12,3,0,1.4921,13.31,1,LOW
1095,36.5,traffic12,3,0,1.5812,15.43,0,LOW
1100,36.66,traffic12,4,0,2.5618,25.73,1,LOW
1105,36.83,traffic12,3,0,1.8943,13.63,1,LOW
1110,37.0,traffic12,3,0,1.9285,10.35,0,LOW
1115,37.16,traffic12,3,0,2.054,13.16,0,LOW
1120,37.33,traffic12,4,2,3.1423,15.4,1,LOW
1125,37.5,traffic12,1,1,0.377,8.23,3,LOW
1130,37.66,traffic12,4,2,3.4632,8.64,3,LOW
1135,37.83,traffic12,4,0,2.6551,12.24,0,LOW
1140,38.0,traffic12,4,0,2.7561,32.36,0,LOW
1145,38.16,traffic12,5,2,3.7442,7.31,1,LOW
1150,38.33,traffic12,3,0,2.6095,18.84,2,LOW
1155,38.5,traffic12,5,2,3.6537,3.57,2,LOW
1160,38.66,traffic12,5,3,3.8096,9.34,0,LOW
1165,38.83,traffic12,3,2,2.5013,2.16,2,LOW
1170,39.0,traffic12,3,2,2.4458,1.61,0,LOW
1175,39.16,traffic12,3,0,2.1024,3.93,0,LOW
1180,39.33,traffic12,4,2,2.9259,4.77,1,LOW
1185,39.5,traffic12,3,0,1.6821,2.73,1,LOW
1190,39.66,traffic12,2,0,1.5036,2.92,1,LOW
1195,39.83,traffic12,3,0,1.6817,2.25,1,LOW
1200,40.0,traffic12,2,0,1.4669,2.77,1,LOW
1205,40.16,traffic12,3,2,2.4825,1.86,1,LOW
1210,40.33,traffic12,4,2,2.6746,1.31,1,LOW
1215,40.5,traffic12,2,0,1.5538,7.04,2,LOW
1220,40.66,traffic12,2,0,1.5096,3.93,0,LOW
1225,40.83,traffic12,2,0,1.5592,3.85,0,LOW
1230,41.0,traffic12,3,0,1.623,4.36,1,LOW
1235,41.16,traffic12,2,0,1.5009,1.62,1,LOW
1240,41.33,traffic12,2,0,1.528,1.21,0,LOW
1245,41.5,traffic12,2,0,1.6001,3.78,0,LOW
1250,41.66,traffic12,2,0,1.5197,3.82,0,LOW
1255,41.83,traffic12,4,0,1.7811,2.95,2,LOW
1260,42.0,traffic12,5,0,1.7486,8.75,1,LOW
1265,42.16,traffic12,7,0,2.4137,40.36,2,MEDIUM
1270,42.33,traffic12,5,0,2.1184,7.48,2,LOW
1275,42.5,traffic12,6,0,2.4899,8.3,1,MEDIUM
1280,42.66,traffic12,4,0,2.002,11.53,2,LOW
1285,42.83,traffic12,3,0,1.8495,12.89,1,LOW
1290,43.0,traffic12,4,0,2.0748,13.74,1,LOW
1295,43.16,traffic12,4,0,2.0769,15.64,0,LOW
1300,43.33,traffic12,5,2,3.0548,12.68,1,LOW
1305,43.5,traffic12,6,0,2.8243,11.69,1,MEDIUM
1310,43.66,traffic12,6,2,3.2765,7.67,0,MEDIUM
1315,43.83,traffic12,6,0,2.9254,10.25,0,MEDIUM
1320,44.0,traffic12,5,0,2.6416,11.56,1,LOW
1325,44.16,traffic12,6,0,3.1461,8.22,1,MEDIUM
1330,44.33,traffic12,6,0,3.0119,6.95,0,MEDIUM
1335,44.5,traffic12,7,0,3.8578,8.85,1,MEDIUM
1340,44.66,traffic12,7,0,3.1677,12.24,0,MEDIUM
1345,44.83,traffic12,9,0,3.6573,8.29,2,MEDIUM
1350,45.0,traffic12,7,0,3.3664,14.73,2,MEDIUM
1355,45.16,traffic12,4,0,2.4546,14.05,3,LOW
1360,45.33,traffic12,5,0,3.0948,5.71,1,LOW
1365,45.5,traffic12,5,0,2.3828,9.58,0,LOW
1370,45.66,traffic12,5,0,2.3847,5.99,0,LOW
1375,45.83,traffic12,7,0,3.0237,8.94,2,MEDIUM
1380,46.0,traffic12,6,0,3.1382,7.87,1,MEDIUM
1385,46.16,traffic12,6,0,2.9727,7.7,0,MEDIUM
1390,46.33,traffic12,5,0,2.6215,8.61,1,LOW
1395,46.5,traffic12,6,0,3.143,7.68,1,MEDIUM
1400,46.66,traffic12,4,0,2.46,11.74,2,LOW
1405,46.83,traffic12,5,0,2.7088,9.85,1,LOW
1410,47.0,traffic12,4,0,2.0848,8.73,1,LOW
1415,47.16,traffic12,6,0,2.7508,6.11,2,MEDIUM
1420,47.33,traffic12,6,0,3.0971,11.21,0,MEDIUM
1425,47.5,traffic12,5,0,2.5028,9.87,1,LOW
1430,47.66,traffic12,4,0,1.1793,9.07,1,LOW
1435,47.83,traffic12,5,0,2.2638,9.71,1,LOW
1440,48.0,traffic12,3,0,1.5069,5.15,2,LOW
1445,48.16,traffic12,5,0,1.4952,19.27,2,LOW
1450,48.33,traffic12,2,0,1.5323,1.08,3,LOW
1455,48.5,traffic12,5,0,2.3707,0.54,3,LOW
1460,48.66,traffic12,5,0,2.4145,8.6,0,LOW
1465,48.83,traffic12,5,0,2.2841,28.34,0,LOW
1470,49.0,traffic12,5,0,1.6042,5.74,0,LOW
1475,49.16,traffic12,4,0,1.4571,10.63,1,LOW
1480,49.33,traffic12,4,0,1.4031,10.74,0,LOW
1485,49.49,traffic12,3,0,1.2603,10.56,1,LOW
1490,49.66,traffic12,3,0,0.9247,18.75,0,LOW
1495,49.83,traffic12,4,0,2.332,17.95,1,LOW
1500,49.99,traffic12,5,0,1.3755,12.37,1,LOW
1505,50.16,traffic12,3,0,1.3267,13.7,2,LOW
1510,50.33,traffic12,4,0,2.3105,12.9,1,LOW
1515,50.49,traffic12,5,0,1.739,11.54,1,LOW
1520,50.66,traffic12,4,0,1.5806,10.82,1,LOW
1525,50.83,traffic12,3,0,1.0188,12.97,1,LOW
1530,50.99,traffic12,5,0,1.8763,15.55,2,LOW
1535,51.16,traffic12,3,0,1.4729,12.56,2,LOW
1540,51.33,traffic12,3,0,1.6529,22.36,0,LOW
1545,51.49,traffic12,5,0,2.4328,12.86,2,LOW
1550,51.66,traffic12,4,0,2.0838,11.96,1,LOW
1555,51.83,traffic12,6,0,3.567,18.02,2,MEDIUM
1560,51.99,traffic12,3,0,2.2595,11.32,3,LOW
1565,52.16,traffic12,2,0,1.2569,0.0,1,LOW
1570,52.33,traffic12,3,0,1.7864,2.99,1,LOW
1575,52.49,traffic12,2,0,0.7916,1.08,1,LOW
1580,52.66,traffic12,2,0,0.4112,2.41,0,LOW
1585,52.83,traffic12,2,0,1.2784,0.0,0,LOW
1590,52.99,traffic12,2,0,0.3644,0.0,0,LOW
1595,53.16,traffic12,2,0,0.4549,23.31,0,LOW
1600,53.33,traffic12,3,0,1.2781,12.42,1,LOW
1605,53.49,traffic12,2,0,1.1899,0.0,1,LOW
1610,53.66,traffic12,5,0,2.913,3.85,3,LOW
1615,53.83,traffic12,6,0,3.0664,28.62,1,MEDIUM
1620,53.99,traffic12,2,0,1.0233,11.56,4,LOW
1625,54.16,traffic12,3,0,0.6549,15.95,1,LOW
1630,54.33,traffic12,4,0,1.3679,15.83,1,LOW
1635,54.49,traffic12,6,0,2.2584,9.33,2,MEDIUM
1640,54.66,traffic12,6,0,2.579,10.83,0,MEDIUM
1645,54.83,traffic12,4,0,2.0297,12.19,2,LOW
1650,54.99,traffic12,6,0,2.4707,10.17,2,MEDIUM
1655,55.16,traffic12,4,0,1.4115,12.96,2,LOW
1660,55.33,traffic12,4,0,1.4096,11.7,0,LOW
1665,55.49,traffic12,5,0,2.5017,13.03,1,LOW
1670,55.66,traffic12,4,0,1.3968,11.66,1,LOW
1675,55.83,traffic12,3,0,1.2987,10.32,1,LOW
1680,55.99,traffic12,5,0,1.6904,10.46,2,LOW
1685,56.16,traffic12,7,0,2.2004,7.9,2,MEDIUM
1690,56.33,traffic12,3,0,0.8467,10.37,4,LOW
1695,56.49,traffic12,6,0,2.4491,9.61,3,MEDIUM
1700,56.66,traffic12,5,0,1.2193,33.19,1,LOW
1705,56.83,traffic12,5,0,2.3361,9.78,0,LOW
1710,56.99,traffic12,5,0,1.3481,33.22,0,LOW
1715,57.16,traffic12,6,0,2.2282,26.68,1,MEDIUM
1720,57.33,traffic12,5,0,1.4368,33.76,1,LOW
1725,57.49,traffic12,4,0,0.7578,16.53,1,LOW
1730,57.66,traffic12,7,0,2.2188,35.5,3,MEDIUM
1735,57.83,traffic12,7,0,2.2175,7.81,0,MEDIUM
1740,57.99,traffic12,5,0,1.3164,12.05,2,LOW
1745,58.16,traffic12,4,0,0.7866,11.72,1,LOW
1750,58.33,traffic12,6,0,2.1443,12.99,2,MEDIUM
1755,58.49,traffic12,4,0,1.0751,37.69,2,LOW
1760,58.66,traffic12,4,0,1.1421,8.26,0,LOW
1765,58.83,traffic12,5,0,1.7028,9.27,1,LOW
1770,58.99,traffic12,7,0,2.8828,8.43,2,MEDIUM
1775,59.16,traffic12,7,0,3.5489,7.26,0,MEDIUM
1780,59.33,traffic12,8,0,3.0694,5.78,1,MEDIUM
1785,59.49,traffic12,5,0,1.6579,10.41,3,LOW
1790,59.66,traffic12,8,0,3.489,8.04,3,MEDIUM
1795,59.83,traffic12,9,0,4.5039,9.73,1,MEDIUM
1800,59.99,traffic12,6,0,2.2925,9.87,3,MEDIUM
1805,60.16,traffic12,7,0,2.5176,11.62,1,MEDIUM
1810,60.33,traffic12,4,0,1.7887,11.49,3,LOW
1815,60.49,traffic12,5,0,1.6397,14.48,1,LOW
1820,60.66,traffic12,6,0,1.9322,33.13,1,MEDIUM
1825,60.83,traffic12,7,0,2.4733,12.41,1,MEDIUM
1830,60.99,traffic12,7,0,2.4376,24.65,0,MEDIUM
1835,61.16,traffic12,7,0,2.3622,11.44,0,MEDIUM
1840,61.33,traffic12,8,0,3.5572,21.01,1,MEDIUM
1845,61.49,traffic12,5,0,1.9538,13.08,3,LOW
1850,61.66,traffic12,5,0,1.9245,8.97,0,LOW
1855,61.83,traffic12,7,0,3.1517,9.47,2,MEDIUM
1860,61.99,traffic12,5,0,2.425,12.94,2,LOW
1865,62.16,traffic12,8,0,3.4492,11.78,3,MEDIUM
1870,62.33,traffic12,6,0,3.2989,10.5,2,MEDIUM
1875,62.49,traffic12,9,0,4.3279,9.13,3,MEDIUM
1880,62.66,traffic12,9,0,4.7326,21.96,0,MEDIUM
1885,62.83,traffic12,7,0,2.8175,29.31,2,MEDIUM
1890,62.99,traffic12,7,0,2.6807,11.66,0,MEDIUM
1895,63.16,traffic12,8,0,4.3408,10.46,1,MEDIUM
1900,63.33,traffic12,9,0,5.2361,7.23,1,MEDIUM
1905,63.49,traffic12,4,0,2.0519,14.82,5,LOW
1910,63.66,traffic12,7,0,3.0324,9.99,3,MEDIUM
1915,63.83,traffic12,5,0,3.3805,10.9,2,LOW
1920,63.99,traffic12,4,0,2.2784,8.67,1,LOW
1925,64.16,traffic12,6,0,3.4341,8.22,2,MEDIUM
1930,64.33,traffic12,4,0,2.5131,35.79,2,LOW
1935,64.49,traffic12,5,0,2.9557,16.33,1,LOW
1940,64.66,traffic12,4,0,2.3212,8.19,1,LOW
1945,64.83,traffic12,4,0,2.6641,13.87,0,LOW
1950,64.99,traffic12,5,0,3.278,9.08,1,LOW
1955,65.16,traffic12,6,0,3.6794,7.06,1,MEDIUM
1960,65.33,traffic12,5,0,3.4306,5.39,1,LOW
1965,65.49,traffic12,5,0,3.3514,9.38,0,LOW
1970,65.66,traffic12,6,0,4.2609,8.76,1,MEDIUM
1975,65.83,traffic12,5,0,3.5393,25.55,1,LOW
1980,65.99,traffic12,2,0,0.9664,2.83,3,LOW
1985,66.16,traffic12,5,0,3.2063,1.84,3,LOW
1990,66.33,traffic12,3,0,1.7253,3.08,2,LOW
1995,66.49,traffic12,4,0,2.0823,1.53,1,LOW
2000,66.66,traffic12,3,0,1.2664,11.38,1,LOW
2005,66.83,traffic12,3,0,1.1271,8.18,0,LOW
2010,66.99,traffic12,2,0,0.9909,10.65,1,LOW
2015,67.16,traffic12,2,0,0.9689,7.04,0,LOW
2020,67.33,traffic12,3,0,1.5128,1.53,1,LOW
2025,67.49,traffic12,4,0,2.4971,3.15,1,LOW
2030,67.66,traffic12,2,0,0.968,16.45,2,LOW
2035,67.83,traffic12,3,0,1.4077,21.53,1,LOW
2040,67.99,traffic12,1,1,0.6076,3.42,2,LOW
2045,68.16,traffic12,3,0,1.5868,1.08,2,LOW
2050,68.33,traffic12,3,0,1.6733,2.96,0,LOW
2055,68.49,traffic12,2,0,0.8655,1.53,1,LOW
2060,68.66,traffic12,2,0,0.8945,1.84,0,LOW
2065,68.83,traffic12,6,0,2.4255,2.83,4,MEDIUM
2070,68.99,traffic12,2,0,1.5978,2.47,4,LOW
2075,69.16,traffic12,2,0,0.8566,1.08,0,LOW
2080,69.33,traffic12,4,0,1.9818,2.71,2,LOW
2085,69.49,traffic12,4,0,2.4332,5.99,0,LOW
2090,69.66,traffic12,7,0,4.0715,4.51,3,MEDIUM
2095,69.83,traffic12,3,0,1.8557,9.69,4,LOW
2100,69.99,traffic12,2,0,0.7584,13.53,1,LOW
2105,70.16,traffic12,3,0,1.698,0.0,1,LOW
2110,70.33,traffic12,3,0,1.8286,6.19,0,LOW
2115,70.49,traffic12,1,1,0.1643,13.0,2,LOW
2120,70.66,traffic12,3,0,0.7813,12.22,2,LOW
2125,70.83,traffic12,2,0,0.4071,13.83,1,LOW
2130,70.99,traffic12,2,0,1.4802,12.22,0,LOW
2135,71.16,traffic12,4,0,1.9519,11.03,2,LOW
2140,71.33,traffic12,5,0,1.3211,6.52,1,LOW
2145,71.49,traffic12,5,0,1.6912,7.02,0,LOW
2150,71.66,traffic12,5,0,2.7137,7.58,0,LOW
2155,71.83,traffic12,5,0,2.8385,6.57,0,LOW
2160,71.99,traffic12,4,0,0.9512,38.63,1,LOW
2165,72.16,traffic12,1,1,0.2283,15.35,3,LOW
2170,72.33,traffic12,2,0,0.5251,17.71,1,LOW
2175,72.49,traffic12,6,0,3.0065,15.66,4,MEDIUM
2180,72.66,traffic12,4,0,2.431,32.17,2,LOW
2185,72.83,traffic12,7,0,3.1336,5.84,3,MEDIUM
2190,72.99,traffic12,6,0,1.8134,23.89,1,MEDIUM
2195,73.16,traffic12,5,0,1.7228,10.6,1,LOW
2200,73.33,traffic12,2,0,0.9426,11.07,3,LOW
2205,73.49,traffic12,5,0,2.7803,9.64,3,LOW
2210,73.66,traffic12,5,0,2.8417,6.58,0,LOW
2215,73.83,traffic12,7,0,3.1331,26.72,2,MEDIUM
2220,73.99,traffic12,2,0,0.8005,3.42,5,LOW
2225,74.16,traffic12,3,0,2.0599,30.32,1,LOW
2230,74.33,traffic12,4,0,2.2859,10.33,1,LOW
2235,74.49,traffic12,5,0,2.7563,9.86,1,LOW
2240,74.66,traffic12,4,0,1.5409,15.87,1,LOW
2245,74.83,traffic12,4,0,2.4298,10.86,0,LOW
2250,74.99,traffic12,2,0,0.7706,14.89,2,LOW
2255,75.16,traffic12,6,0,2.9323,16.33,4,MEDIUM
2260,75.33,traffic12,4,0,1.3816,6.35,2,LOW
2265,75.49,traffic12,3,0,1.6181,0.0,1,LOW
2270,75.66,traffic12,2,0,1.3514,9.72,1,LOW
2275,75.83,traffic12,6,0,2.371,3.24,4,MEDIUM
2280,75.99,traffic12,4,0,1.9096,11.81,2,LOW
2285,76.16,traffic12,3,0,1.5971,8.6,1,LOW
2290,76.33,traffic12,2,0,1.1438,19.47,1,LOW
2295,76.49,traffic12,4,0,1.8301,22.82,2,LOW
2300,76.66,traffic12,2,0,0.4818,54.74,2,LOW
2305,76.83,traffic12,5,0,1.0724,5.51,3,LOW
2310,76.99,traffic12,6,0,2.2925,32.37,1,MEDIUM
2315,77.16,traffic12,4,0,1.772,9.28,2,LOW
2320,77.33,traffic12,2,0,0.5603,4.76,2,LOW
2325,77.49,traffic12,5,0,1.8876,7.03,3,LOW
2330,77.66,traffic12,5,0,1.945,4.8,0,LOW
2335,77.83,traffic12,4,0,1.7128,5.12,1,LOW
2340,77.99,traffic12,6,0,2.8809,4.13,2,MEDIUM
2345,78.16,traffic12,5,0,1.9857,6.35,1,LOW
2350,78.33,traffic12,6,0,2.3901,6.23,1,MEDIUM
2355,78.49,traffic12,4,0,0.9484,4.47,2,LOW
2360,78.66,traffic12,5,0,1.2743,7.32,1,LOW
2365,78.83,traffic12,4,0,1.522,6.63,1,LOW
2370,78.99,traffic12,4,0,2.1758,5.43,0,LOW
2375,79.16,traffic12,5,0,1.9939,3.12,1,LOW
2380,79.33,traffic12,4,0,1.2904,36.64,1,LOW
2385,79.49,traffic12,4,0,2.3014,3.82,0,LOW
2390,79.66,traffic12,4,0,2.2866,6.09,0,LOW
2395,79.83,traffic12,3,0,0.9739,6.04,1,LOW
2400,79.99,traffic12,4,0,2.3543,6.77,1,LOW
2405,80.16,traffic12,3,0,1.7125,8.04,1,LOW
2410,80.33,traffic12,3,0,1.7006,6.22,0,LOW
2415,80.49,traffic12,3,0,1.7071,5.18,0,LOW
2420,80.66,traffic12,4,0,2.0864,6.71,1,LOW
2425,80.83,traffic12,4,0,2.406,6.22,0,LOW
2430,80.99,traffic12,3,0,1.6997,7.08,1,LOW
2435,81.16,traffic12,4,0,2.328,6.87,1,LOW
2440,81.33,traffic12,5,0,2.6164,7.24,1,LOW
2445,81.49,traffic12,4,0,1.5048,6.41,1,LOW
2450,81.66,traffic12,4,2,3.1037,8.1,0,LOW
2455,81.83,traffic12,6,0,2.9085,7.35,2,MEDIUM
2460,81.99,traffic12,6,0,2.9768,11.23,0,MEDIUM
2465,82.16,traffic12,7,0,2.7487,8.59,1,MEDIUM
2470,82.32,traffic12,6,0,2.4718,23.94,1,MEDIUM
2475,82.49,traffic12,5,2,4.1352,8.58,1,LOW
2480,82.66,traffic12,5,0,3.1952,8.97,0,LOW
2485,82.82,traffic12,6,0,3.5663,9.55,1,MEDIUM
2490,82.99,traffic12,3,0,1.7421,12.47,3,LOW
2495,83.16,traffic12,2,0,1.1505,14.38,1,LOW
2500,83.32,traffic12,2,0,1.2309,16.44,0,LOW
2505,83.49,traffic12,4,0,2.1627,22.15,2,LOW
2510,83.66,traffic12,8,0,3.9756,10.21,4,MEDIUM
2515,83.82,traffic12,7,0,3.8024,7.23,1,MEDIUM
2520,83.99,traffic12,7,0,3.7462,6.93,0,MEDIUM
2525,84.16,traffic12,7,0,3.13,14.63,0,MEDIUM
2530,84.32,traffic12,8,0,3.4679,3.81,1,MEDIUM
2535,84.49,traffic12,9,0,3.7483,4.08,1,MEDIUM
2540,84.66,traffic12,10,0,3.9366,16.62,1,MEDIUM
2545,84.82,traffic12,7,0,2.1577,20.36,3,MEDIUM
2550,84.99,traffic12,4,0,1.0943,4.93,3,LOW
2555,85.16,traffic12,3,0,1.9623,6.83,1,LOW
2560,85.32,traffic12,2,0,0.9034,1.53,1,LOW
2565,85.49,traffic12,2,0,0.8244,3.42,0,LOW
2570,85.66,traffic12,6,0,2.805,39.99,4,MEDIUM
2575,85.82,traffic12,6,0,2.9845,8.45,0,MEDIUM
2580,85.99,traffic12,4,0,1.4397,4.05,2,LOW
2585,86.16,traffic12,5,0,2.97,10.31,1,LOW
2590,86.32,traffic12,4,0,1.2659,30.67,1,LOW
2595,86.49,traffic12,5,0,1.8429,5.69,1,LOW
2600,86.66,traffic12,4,0,1.4591,4.07,1,LOW
2605,86.82,traffic12,3,0,1.1845,6.21,1,LOW
2610,86.99,traffic12,4,0,1.3577,42.0,1,LOW
2615,87.16,traffic12,3,0,1.5438,5.53,1,LOW
2620,87.32,traffic12,3,0,1.9659,5.84,0,LOW
2625,87.49,traffic12,6,0,2.8986,10.05,3,MEDIUM
2630,87.66,traffic12,6,0,3.1761,6.82,0,MEDIUM
2635,87.82,traffic12,4,0,2.2759,32.83,2,LOW
2640,87.99,traffic12,5,0,2.5908,13.29,1,LOW
2645,88.16,traffic12,6,0,2.6153,39.15,1,MEDIUM
2650,88.32,traffic12,1,1,1.0658,24.84,5,LOW
2655,88.49,traffic12,2,0,1.3986,20.52,1,LOW
2660,88.66,traffic12,2,0,0.3769,6.92,0,LOW
2665,88.82,traffic12,6,0,1.6667,7.5,4,MEDIUM
2670,88.99,traffic12,4,0,2.2105,3.29,2,LOW
2675,89.16,traffic12,5,0,2.687,3.45,1,LOW
2680,89.32,traffic12,4,0,2.3186,3.45,1,LOW
2685,89.49,traffic12,3,0,1.2013,1.3,1,LOW
2690,89.66,traffic12,6,0,2.6729,4.4,3,MEDIUM
2695,89.82,traffic12,3,0,1.9994,6.19,3,LOW
2700,89.99,traffic12,3,0,2.5816,1.08,0,LOW
2705,90.16,traffic12,4,0,1.9318,13.28,1,LOW
2710,90.32,traffic12,3,0,1.7809,7.34,1,LOW
2715,90.49,traffic12,3,0,1.9096,9.38,0,LOW
2720,90.66,traffic12,6,2,2.9039,14.27,3,MEDIUM
2725,90.82,traffic12,3,0,1.7544,8.16,3,LOW
2730,90.99,traffic12,4,0,1.7661,6.61,1,LOW
2735,91.16,traffic12,3,0,1.507,18.59,1,LOW
2740,91.32,traffic12,4,0,2.072,13.09,1,LOW
2745,91.49,traffic12,5,0,1.2169,5.19,1,LOW
2750,91.66,traffic12,3,0,0.9144,11.58,2,LOW
2755,91.82,traffic12,4,0,2.115,13.16,1,LOW
2760,91.99,traffic12,1,1,0.8167,0.0,3,LOW
2765,92.16,traffic12,1,1,0.207,0.0,0,LOW
2770,92.32,traffic12,3,0,1.1336,0.0,2,LOW
2775,92.49,traffic12,1,1,0.2642,0.0,2,LOW
2780,92.66,traffic12,3,0,0.7804,2.41,2,LOW
2785,92.82,traffic12,5,0,1.8472,9.02,2,LOW
2790,92.99,traffic12,6,0,2.7659,8.07,1,MEDIUM
2795,93.16,traffic12,5,0,2.6919,10.1,1,LOW
2800,93.32,traffic12,4,0,2.4218,2.83,1,LOW
2805,93.49,traffic12,3,0,1.8595,12.51,1,LOW
2810,93.66,traffic12,2,0,1.0467,4.58,1,LOW
2815,93.82,traffic12,2,0,0.892,2.16,0,LOW
2820,93.99,traffic12,3,0,2.1946,4.32,1,LOW
2825,94.16,traffic12,2,0,1.467,6.48,1,LOW
2830,94.32,traffic12,4,0,0.8913,1.08,2,LOW
2835,94.49,traffic12,1,1,1.2305,0.0,3,LOW
2840,94.66,traffic12,3,0,2.2334,4.45,2,LOW
2845,94.82,traffic12,5,0,2.3506,10.22,2,LOW
2850,94.99,traffic12,5,0,2.487,3.78,0,LOW
2855,95.16,traffic12,3,0,1.9506,4.78,2,LOW
2860,95.32,traffic12,3,0,2.012,2.41,0,LOW
2865,95.49,traffic12,5,0,2.787,12.41,2,LOW
2870,95.66,traffic12,4,0,1.7747,1.62,1,LOW
2875,95.82,traffic12,3,0,1.6168,11.4,1,LOW
2880,95.99,traffic12,1,1,0.1037,35.38,2,LOW
2885,96.16,traffic12,2,0,1.3592,29.38,1,LOW
2890,96.32,traffic12,4,2,3.1798,13.88,2,LOW
2895,96.49,traffic12,3,0,1.9308,14.64,1,LOW
2900,96.66,traffic12,5,0,2.611,12.47,2,LOW
2905,96.82,traffic12,3,0,2.0227,8.83,2,LOW
2910,96.99,traffic12,3,0,2.1201,15.19,0,LOW
2915,97.16,traffic12,4,2,3.5705,1.95,1,LOW
2920,97.32,traffic12,3,0,2.2439,4.42,1,LOW
2925,97.49,traffic12,4,0,2.4795,4.14,1,LOW
2930,97.66,traffic12,4,0,2.5416,2.58,0,LOW
2935,97.82,traffic12,2,0,0.7142,3.45,2,LOW
2940,97.99,traffic12,3,0,1.9705,2.41,1,LOW
2945,98.16,traffic12,1,1,1.1242,9.96,2,LOW
2950,98.32,traffic12,1,1,1.1491,4.45,0,LOW
2955,98.49,traffic12,2,0,1.5188,10.8,1,LOW
2960,98.66,traffic12,2,0,1.079,2.41,0,LOW
2965,98.82,traffic12,3,0,2.1504,1.08,1,LOW
2970,98.99,traffic12,5,0,2.7495,2.29,2,LOW
2975,99.16,traffic12,3,0,2.171,3.98,2,LOW
2980,99.32,traffic12,2,0,1.0813,2.41,1,LOW
2985,99.49,traffic12,3,0,1.7314,2.41,1,LOW
2990,99.66,traffic12,5,0,3.855,11.34,2,LOW
2995,99.82,traffic12,3,0,1.9302,1.84,2,LOW
3000,99.99,traffic12,4,0,2.4417,7.02,1,LOW
3005,100.16,traffic12,4,0,2.6055,8.19,0,LOW
3010,100.32,traffic12,3,0,1.254,2.79,1,LOW
3015,100.49,traffic12,3,0,1.3883,1.84,0,LOW
3020,100.66,traffic12,4,0,1.5026,2.41,1,LOW
3025,100.82,traffic12,4,0,1.8149,4.56,0,LOW
3030,100.99,traffic12,6,0,3.0154,32.17,2,MEDIUM
3035,101.16,traffic12,5,0,2.1626,27.56,1,LOW
3040,101.32,traffic12,6,0,3.6031,5.34,1,MEDIUM
3045,101.49,traffic12,6,0,3.0773,3.06,0,MEDIUM
3050,101.66,traffic12,4,0,2.6502,2.87,2,LOW
3055,101.82,traffic12,3,0,2.2577,4.47,1,LOW
3060,101.99,traffic12,2,0,1.5329,9.72,1,LOW
3065,102.16,traffic12,5,0,2.8288,5.4,3,LOW
3070,102.32,traffic12,3,0,1.9274,10.58,2,LOW
3075,102.49,traffic12,2,0,1.6683,1.08,1,LOW
3080,102.66,traffic12,4,0,2.2509,2.16,2,LOW
3085,102.82,traffic12,3,0,1.2249,11.63,1,LOW
3090,102.99,traffic12,4,0,2.0681,0.0,1,LOW
3095,103.16,traffic12,5,0,2.808,17.89,1,LOW
3100,103.32,traffic12,6,0,3.5094,8.06,1,MEDIUM
3105,103.49,traffic12,7,0,3.8036,13.41,1,MEDIUM
3110,103.66,traffic12,7,0,4.3458,16.57,0,MEDIUM
3115,103.82,traffic12,3,0,1.6395,10.24,4,LOW
3120,103.99,traffic12,4,0,2.6013,26.83,1,LOW
3125,104.16,traffic12,5,0,2.8232,5.2,1,LOW
3130,104.32,traffic12,4,0,1.8702,12.14,1,LOW
3135,104.49,traffic12,6,0,3.5329,10.72,2,MEDIUM
3140,104.66,traffic12,3,0,1.8241,13.05,3,LOW
3145,104.82,traffic12,6,2,3.0753,40.44,3,MEDIUM
3150,104.99,traffic12,5,0,3.8117,11.66,1,LOW
3155,105.16,traffic12,7,0,5.0683,14.55,2,MEDIUM
3160,105.32,traffic12,4,0,3.4079,16.0,3,LOW
3165,105.49,traffic12,5,0,3.872,7.22,1,LOW
3170,105.66,traffic12,6,0,4.6545,22.07,1,MEDIUM
3175,105.82,traffic12,5,0,4.2972,17.58,1,LOW
3180,105.99,traffic12,6,2,5.4738,10.64,1,MEDIUM
3185,106.16,traffic12,5,0,3.5886,11.85,1,LOW
3190,106.32,traffic12,8,0,4.2025,4.95,3,MEDIUM
3195,106.49,traffic12,2,0,1.3933,15.16,6,LOW
3200,106.66,traffic12,5,0,3.4772,6.17,3,LOW
3205,106.82,traffic12,4,0,2.1925,14.66,1,LOW
3210,106.99,traffic12,3,0,2.2511,10.25,1,LOW
3215,107.16,traffic12,6,0,3.6135,7.19,3,MEDIUM
3220,107.32,traffic12,4,0,3.2705,10.86,2,LOW
3225,107.49,traffic12,5,0,3.3241,7.68,1,LOW
3230,107.66,traffic12,6,0,2.3585,4.67,1,MEDIUM
3235,107.82,traffic12,4,0,1.7413,6.02,2,LOW
3240,107.99,traffic12,4,0,1.9544,59.49,0,LOW
3245,108.16,traffic12,4,0,2.9838,6.48,0,LOW
3250,108.32,traffic12,6,0,3.5474,4.34,2,MEDIUM
3255,108.49,traffic12,5,0,2.7256,7.75,1,LOW
3260,108.66,traffic12,4,0,2.513,4.32,1,LOW
3265,108.82,traffic12,5,0,3.0793,8.91,1,LOW
3270,108.99,traffic12,5,0,3.544,10.18,0,LOW
3275,109.16,traffic12,5,0,2.8067,8.0,0,LOW
3280,109.32,traffic12,5,0,2.3344,6.05,0,LOW
3285,109.49,traffic12,4,0,2.5108,7.55,1,LOW
3290,109.66,traffic12,5,0,2.8748,10.89,1,LOW
3295,109.82,traffic12,4,2,3.6102,9.21,1,LOW
3300,109.99,traffic12,3,0,1.8553,12.22,1,LOW
3305,110.16,traffic12,5,0,3.1571,6.42,2,LOW
3310,110.32,traffic12,6,0,3.39,7.92,1,MEDIUM
3315,110.49,traffic12,6,0,3.5958,11.13,0,MEDIUM
3320,110.66,traffic12,3,0,2.4962,12.28,3,LOW
3325,110.82,traffic12,4,0,2.8585,10.44,1,LOW
3330,110.99,traffic12,5,0,3.0428,13.17,1,LOW
3335,111.16,traffic12,4,0,2.9542,4.63,1,LOW
3340,111.32,traffic12,1,1,0.6107,9.96,3,LOW
3345,111.49,traffic12,4,0,2.8605,5.4,3,LOW
3350,111.66,traffic12,5,0,3.0427,3.56,1,LOW
3355,111.82,traffic12,5,0,2.9811,5.64,0,LOW
3360,111.99,traffic12,4,0,2.9187,6.56,1,LOW
3365,112.16,traffic12,5,2,4.2091,6.74,1,LOW
3370,112.32,traffic12,6,0,3.119,8.1,1,MEDIUM
3375,112.49,traffic12,5,0,2.7999,4.21,1,LOW
3380,112.66,traffic12,2,0,2.028,3.78,3,LOW
3385,112.82,traffic12,3,0,2.4161,8.91,1,LOW
3390,112.99,traffic12,5,0,2.8172,16.3,2,LOW
3395,113.16,traffic12,8,2,4.9177,8.79,3,MEDIUM
3400,113.32,traffic12,3,0,1.1121,8.35,5,LOW
3405,113.49,traffic12,3,0,2.192,6.11,0,LOW
3410,113.66,traffic12,1,1,0.471,0.0,2,LOW
3415,113.82,traffic12,3,0,1.1048,15.16,2,LOW
3420,113.99,traffic12,1,1,0.625,13.0,2,LOW
3425,114.16,traffic12,2,0,0.8262,3.42,1,LOW
3430,114.32,traffic12,4,0,1.5699,10.57,2,LOW
3435,114.49,traffic12,3,0,2.9146,3.96,1,LOW
3440,114.65,traffic12,3,0,1.2342,5.4,0,LOW
3445,114.82,traffic12,5,0,3.9353,8.23,2,LOW
3450,114.99,traffic12,4,0,3.9542,38.33,1,LOW
3455,115.15,traffic12,4,0,4.2426,14.29,0,LOW
3460,115.32,traffic12,7,0,6.0627,25.81,3,MEDIUM
3465,115.49,traffic12,7,0,5.5742,42.58,0,MEDIUM
3470,115.65,traffic12,8,2,6.0132,29.95,1,MEDIUM
3475,115.82,traffic12,7,0,5.7441,13.09,1,MEDIUM
3480,115.99,traffic12,4,0,4.5428,19.26,3,LOW
3485,116.15,traffic12,6,2,2.033,11.57,2,MEDIUM
3490,116.32,traffic12,7,0,2.7044,8.92,1,MEDIUM
3495,116.49,traffic12,8,0,3.0461,16.94,1,MEDIUM
3500,116.65,traffic12,7,0,2.5411,10.73,1,MEDIUM
3505,116.82,traffic12,4,0,2.089,13.14,3,LOW
3510,116.99,traffic12,6,0,2.0274,12.07,2,MEDIUM
3515,117.15,traffic12,7,0,3.3504,30.26,1,MEDIUM
3520,117.32,traffic12,6,0,3.2991,16.23,1,MEDIUM
3525,117.49,traffic12,6,0,2.3595,28.91,0,MEDIUM
3530,117.65,traffic12,5,0,2.0411,8.6,1,LOW
3535,117.82,traffic12,5,0,2.061,10.62,0,LOW
3540,117.99,traffic12,6,0,2.1537,11.29,1,MEDIUM
3545,118.15,traffic12,4,0,2.0598,10.97,2,LOW
3550,118.32,traffic12,6,0,3.2333,67.84,2,MEDIUM
3555,118.49,traffic12,4,0,2.6403,15.55,2,LOW
3560,118.65,traffic12,6,0,3.7032,13.25,2,MEDIUM
3565,118.82,traffic12,5,0,3.6131,14.85,1,LOW
3570,118.99,traffic12,7,0,4.2697,13.42,2,MEDIUM
3575,119.15,traffic12,11,0,5.8032,26.57,4,MEDIUM
3580,119.32,traffic12,7,0,4.5611,15.83,4,MEDIUM
3585,119.49,traffic12,7,0,4.6481,12.04,0,MEDIUM
3590,119.65,traffic12,8,0,6.093,18.17,1,MEDIUM
3595,119.82,traffic12,9,0,5.1622,26.3,1,MEDIUM
3600,119.99,traffic12,7,0,5.3653,22.43,2,MEDIUM
3605,120.15,traffic12,7,0,6.905,21.82,0,MEDIUM
3610,120.32,traffic12,6,0,5.2725,13.49,1,MEDIUM
3615,120.49,traffic12,5,0,4.7809,16.3,1,LOW
3620,120.65,traffic12,9,0,5.0538,14.91,4,MEDIUM
3625,120.82,traffic12,9,0,7.2373,20.08,0,MEDIUM
3630,120.99,traffic12,8,0,6.9138,16.98,1,MEDIUM
3635,121.15,traffic12,6,0,4.2454,19.08,2,MEDIUM
3640,121.32,traffic12,6,0,3.8162,16.29,0,MEDIUM
3645,121.49,traffic12,8,0,7.2453,14.51,2,MEDIUM
3650,121.65,traffic12,7,0,4.8692,13.74,1,MEDIUM
3655,121.82,traffic12,5,0,3.8365,13.36,2,LOW
3660,121.99,traffic12,5,0,4.4645,22.03,0,LOW
3665,122.15,traffic12,8,0,5.7539,39.28,3,MEDIUM
3670,122.32,traffic12,8,0,4.9735,19.85,0,MEDIUM
3675,122.49,traffic12,8,0,4.8441,14.8,0,MEDIUM
3680,122.65,traffic12,10,2,6.6658,25.84,2,MEDIUM
3685,122.82,traffic12,11,0,6.3619,19.41,1,MEDIUM
3690,122.99,traffic12,9,0,4.041,24.14,2,MEDIUM
3695,123.15,traffic12,11,0,5.3285,10.62,2,MEDIUM
3700,123.32,traffic12,9,0,6.0177,23.05,2,MEDIUM
3705,123.49,traffic12,12,0,6.8704,25.42,3,MEDIUM
3710,123.65,traffic12,10,0,5.9701,19.29,2,MEDIUM
3715,123.82,traffic12,12,2,6.8214,14.16,2,MEDIUM
3720,123.99,traffic12,8,0,5.5364,17.72,4,MEDIUM
3725,124.15,traffic12,10,0,5.7344,28.99,2,MEDIUM
3730,124.32,traffic12,7,0,3.4419,12.41,3,MEDIUM
3735,124.49,traffic12,11,0,5.9634,14.21,4,MEDIUM
3740,124.65,traffic12,8,0,4.8395,17.85,3,MEDIUM
3745,124.82,traffic12,5,0,2.959,13.26,3,LOW
3750,124.99,traffic12,7,0,4.9888,11.26,2,MEDIUM
3755,125.15,traffic12,8,0,5.7062,22.53,1,MEDIUM
3760,125.32,traffic12,7,2,7.9795,39.31,1,MEDIUM
3765,125.49,traffic12,8,0,5.421,26.64,1,MEDIUM
3770,125.65,traffic12,9,0,7.4151,20.82,1,MEDIUM
3775,125.82,traffic12,7,0,7.1573,29.7,2,MEDIUM
3780,125.99,traffic12,7,0,7.7962,29.77,0,MEDIUM
3785,126.15,traffic12,7,0,8.1589,32.65,0,MEDIUM
3790,126.32,traffic12,8,0,5.5437,19.81,1,MEDIUM
3795,126.49,traffic12,5,0,5.7804,22.18,3,LOW
3800,126.65,traffic12,10,0,8.9771,27.93,5,MEDIUM
3805,126.82,traffic12,8,0,8.2352,28.75,2,MEDIUM
3810,126.99,traffic12,11,0,10.8895,20.74,3,MEDIUM
3815,127.15,traffic12,10,0,10.3929,21.04,1,MEDIUM
3820,127.32,traffic12,10,0,10.196,24.57,0,MEDIUM
3825,127.49,traffic12,8,0,7.2685,28.23,2,MEDIUM
3830,127.65,traffic12,10,0,10.0325,24.12,2,MEDIUM
3835,127.82,traffic12,8,0,7.3829,25.02,2,MEDIUM
3840,127.99,traffic12,7,0,8.2061,32.79,1,MEDIUM
3845,128.15,traffic12,8,0,8.2406,24.49,1,MEDIUM
3850,128.32,traffic12,6,0,4.7301,20.4,2,MEDIUM
3855,128.49,traffic12,10,0,8.1061,18.39,4,MEDIUM
3860,128.65,traffic12,7,0,8.8041,38.71,3,MEDIUM
3865,128.82,traffic12,5,0,6.7351,18.17,2,LOW
3870,128.99,traffic12,4,0,4.5866,25.23,1,LOW
3875,129.15,traffic12,3,0,2.4918,19.13,1,LOW
3880,129.32,traffic12,3,0,3.4686,24.66,0,LOW
3885,129.49,traffic12,3,0,2.4864,25.39,0,LOW
3890,129.65,traffic12,5,0,3.1764,36.07,2,LOW
3895,129.82,traffic12,5,0,3.7815,22.13,0,LOW
3900,129.99,traffic12,6,0,4.5874,27.81,1,MEDIUM
3905,130.15,traffic12,8,0,6.0803,28.86,2,MEDIUM
3910,130.32,traffic12,10,0,7.2324,12.37,2,MEDIUM
3915,130.49,traffic12,4,0,1.502,14.9,6,LOW
3920,130.65,traffic12,3,0,3.5192,15.16,1,LOW
3925,130.82,traffic12,7,0,4.398,20.7,4,MEDIUM
3930,130.99,traffic12,7,0,3.8465,13.57,0,MEDIUM
3935,131.15,traffic12,9,0,5.2592,15.91,2,MEDIUM
3940,131.32,traffic12,6,0,2.8443,15.25,3,MEDIUM
3945,131.49,traffic12,6,0,2.9841,12.36,0,MEDIUM
3950,131.65,traffic12,9,0,5.6001,16.63,3,MEDIUM
3955,131.82,traffic12,8,0,4.0141,15.93,1,MEDIUM
3960,131.99,traffic12,10,0,6.5701,30.09,2,MEDIUM
3965,132.15,traffic12,13,0,7.4569,20.55,3,MEDIUM
3970,132.32,traffic12,11,0,6.7671,17.25,2,MEDIUM
3975,132.49,traffic12,10,0,4.9444,26.43,1,MEDIUM
3980,132.65,traffic12,9,0,5.7644,18.95,1,MEDIUM
3985,132.82,traffic12,13,0,6.8635,19.29,4,MEDIUM
3990,132.99,traffic12,10,0,5.7842,21.13,3,MEDIUM
3995,133.15,traffic12,10,0,5.7097,20.03,0,MEDIUM
4000,133.32,traffic12,7,0,5.4236,25.55,3,MEDIUM
4005,133.49,traffic12,9,0,7.1338,26.69,2,MEDIUM
4010,133.65,traffic12,10,0,7.6753,19.53,1,MEDIUM
4015,133.82,traffic12,11,2,10.2047,37.38,1,MEDIUM
4020,133.99,traffic12,11,0,8.0325,42.01,0,MEDIUM
4025,134.15,traffic12,8,0,6.3059,23.37,3,MEDIUM
4030,134.32,traffic12,11,0,7.4557,11.76,3,MEDIUM
4035,134.49,traffic12,10,0,6.9306,17.88,1,MEDIUM
4040,134.65,traffic12,10,0,6.8828,21.7,0,MEDIUM
4045,134.82,traffic12,10,0,6.7902,39.29,0,MEDIUM
4050,134.99,traffic12,9,0,6.0892,20.37,1,MEDIUM
4055,135.15,traffic12,10,0,6.4493,22.04,1,MEDIUM
4060,135.32,traffic12,9,0,5.8718,27.95,1,MEDIUM
4065,135.49,traffic12,10,0,5.7372,13.38,1,MEDIUM
4070,135.65,traffic12,8,0,4.1234,14.98,2,MEDIUM
4075,135.82,traffic12,10,0,5.2978,28.74,2,MEDIUM
4080,135.99,traffic12,10,2,5.4647,23.77,0,MEDIUM
4085,136.15,traffic12,8,0,4.6794,18.3,2,MEDIUM
4090,136.32,traffic12,9,0,5.2049,22.69,1,MEDIUM
4095,136.49,traffic12,5,0,2.6411,13.88,4,LOW
4100,136.65,traffic12,5,0,3.7793,29.52,0,LOW
4105,136.82,traffic12,8,0,6.2508,29.05,3,MEDIUM
4110,136.99,traffic12,8,0,4.7384,22.45,0,MEDIUM
4115,137.15,traffic12,6,0,5.3913,10.06,2,MEDIUM
4120,137.32,traffic12,7,0,5.4302,20.62,1,MEDIUM
4125,137.49,traffic12,3,0,1.018,8.39,4,LOW
4130,137.65,traffic12,4,0,1.4464,14.36,1,LOW
4135,137.82,traffic12,4,0,1.3529,11.38,0,LOW
4140,137.99,traffic12,3,0,1.4705,16.35,1,LOW
4145,138.15,traffic12,6,2,2.7515,43.76,3,MEDIUM
4150,138.32,traffic12,7,0,2.9717,29.75,1,MEDIUM
4155,138.49,traffic12,8,0,4.0203,14.16,1,MEDIUM
4160,138.65,traffic12,12,2,5.0347,14.61,4,MEDIUM
4165,138.82,traffic12,6,0,3.4589,14.8,6,MEDIUM
4170,138.99,traffic12,7,0,3.6704,16.61,1,MEDIUM
4175,139.15,traffic12,7,0,3.5292,22.58,0,MEDIUM
4180,139.32,traffic12,5,0,3.2394,24.91,2,LOW
4185,139.49,traffic12,6,0,3.9966,30.91,1,MEDIUM
4190,139.65,traffic12,9,0,7.3841,25.14,3,MEDIUM
4195,139.82,traffic12,9,2,7.8983,22.29,0,MEDIUM
4200,139.99,traffic12,6,0,5.1588,32.22,3,MEDIUM
4205,140.15,traffic12,5,0,4.5664,21.7,1,LOW
4210,140.32,traffic12,7,0,5.7049,23.12,2,MEDIUM
4215,140.49,traffic12,9,0,5.3465,22.05,2,MEDIUM
4220,140.65,traffic12,7,0,4.3701,15.13,2,MEDIUM
4225,140.82,traffic12,8,0,4.0571,10.06,1,MEDIUM
4230,140.99,traffic12,7,0,2.7575,11.07,1,MEDIUM
4235,141.15,traffic12,9,0,3.7404,24.17,2,MEDIUM
4240,141.32,traffic12,6,0,2.9382,10.87,3,MEDIUM
4245,141.49,traffic12,6,0,3.128,31.61,0,MEDIUM
4250,141.65,traffic12,5,0,2.9812,14.02,1,LOW
4255,141.82,traffic12,7,0,3.41,14.67,2,MEDIUM
4260,141.99,traffic12,5,0,3.3553,16.82,2,LOW
4265,142.15,traffic12,9,0,4.6151,18.81,4,MEDIUM
4270,142.32,traffic12,8,0,4.2173,13.29,1,MEDIUM
4275,142.49,traffic12,7,0,4.2319,14.4,1,MEDIUM
4280,142.65,traffic12,6,0,4.1686,15.68,1,MEDIUM
4285,142.82,traffic12,6,0,4.2437,19.2,0,MEDIUM
4290,142.99,traffic12,5,0,4.2016,24.3,1,LOW
4295,143.15,traffic12,5,0,4.4052,23.14,0,LOW
4300,143.32,traffic12,5,0,4.5584,23.7,0,LOW
4305,143.49,traffic12,7,0,5.4692,31.91,2,MEDIUM
4310,143.65,traffic12,6,0,5.2272,41.92,1,MEDIUM
4315,143.82,traffic12,7,0,5.1365,29.11,1,MEDIUM
4320,143.99,traffic12,7,0,5.3429,29.44,0,MEDIUM
4325,144.15,traffic12,9,0,5.971,26.15,2,MEDIUM
4330,144.32,traffic12,9,0,5.8403,28.43,0,MEDIUM
4335,144.49,traffic12,9,2,5.3332,27.71,0,MEDIUM
4340,144.65,traffic12,9,2,4.9536,24.05,0,MEDIUM
4345,144.82,traffic12,7,0,3.6305,30.08,2,MEDIUM
4350,144.99,traffic12,5,0,3.2903,23.04,2,LOW
4355,145.15,traffic12,5,0,4.5238,32.94,0,LOW
4360,145.32,traffic12,6,2,5.6511,32.97,1,MEDIUM
4365,145.49,traffic12,4,0,4.4039,38.5,2,LOW
4370,145.65,traffic12,7,0,5.3256,21.61,3,MEDIUM
4375,145.82,traffic12,5,0,4.0869,23.24,2,LOW
4380,145.99,traffic12,6,0,3.8202,28.97,1,MEDIUM
4385,146.15,traffic12,8,0,4.8333,28.92,2,MEDIUM
4390,146.32,traffic12,5,0,3.8898,36.05,3,LOW
4395,146.49,traffic12,4,0,2.9846,54.26,1,LOW
4400,146.65,traffic12,6,0,3.2742,33.88,2,MEDIUM
4405,146.82,traffic12,4,0,3.8324,35.5,2,LOW
4410,146.99,traffic12,4,0,2.6319,23.72,0,LOW
4415,147.15,traffic12,4,0,2.8543,23.17,0,LOW
4420,147.32,traffic12,3,0,2.6393,48.66,1,LOW
4425,147.48,traffic12,4,0,3.1671,23.17,1,LOW
4430,147.65,traffic12,5,0,4.0603,27.55,1,LOW
4435,147.82,traffic12,3,0,3.3923,38.69,2,LOW
4440,147.98,traffic12,3,0,3.9486,40.5,0,LOW
4445,148.15,traffic12,5,0,4.5434,34.18,2,LOW
4450,148.32,traffic12,4,0,2.5141,15.16,1,LOW
4455,148.48,traffic12,4,0,2.7706,17.72,0,LOW
4460,148.65,traffic12,5,0,3.08,16.13,1,LOW
4465,148.82,traffic12,4,0,3.1176,15.55,1,LOW
4470,148.98,traffic12,4,0,2.9939,21.86,0,LOW
4475,149.15,traffic12,3,0,3.1919,28.52,1,LOW
4480,149.32,traffic12,4,0,3.5882,26.04,1,LOW
4485,149.48,traffic12,3,0,3.2962,16.4,1,LOW
4490,149.65,traffic12,5,0,3.6183,19.16,2,LOW
4495,149.82,traffic12,5,0,3.2451,13.13,0,LOW
4500,149.98,traffic12,4,0,1.3812,3.85,1,LOW
4505,150.15,traffic12,3,0,0.7732,3.41,1,LOW
4510,150.32,traffic12,1,1,0.2048,3.05,2,LOW
4515,150.48,traffic12,2,0,0.8299,4.83,1,LOW
4520,150.65,traffic12,3,0,1.0477,6.97,1,LOW
4525,150.82,traffic12,5,0,1.4426,35.33,2,LOW
4530,150.98,traffic12,4,0,1.0994,4.3,1,LOW
4535,151.15,traffic12,5,0,1.6764,3.2,1,LOW
4540,151.32,traffic12,2,0,0.8231,7.94,3,LOW
